meta,agent,attempt,baseline,expression,parameters,tree_nodes,train_rho_error,train_velocity_error,train_data_error,validation_rho_error,validation_velocity_error,validation_data_error,validation_fitness,feasible,optimizer_success,optimizer_evaluations,seed,fit_runtime_seconds,peak_rss_mb,source
meta_1,agent_1,attempt_1,Greenshields,exp(a*rho),[-0.059439737948851976],4,7.507633209228516,6.794739723205566,7.151186466217041,10.017129898071289,7.653739929199219,8.835434913635254,8.875434913635253,True,False,60,1110,9.537429552000503,825.94921875,meta_1/agent_1/attempt_1/results.json
meta_1,agent_1,attempt_1,IDM,exp(a*rho),[-0.3034516108076893],4,7.14832067489624,7.529170513153076,7.338745594024658,6.905651092529297,8.497225761413574,7.7014384269714355,7.741438426971436,True,False,60,1111,28.522804594000263,1266.92578125,meta_1/agent_1/attempt_1/results.json
meta_1,agent_1,attempt_1,Weidmann,exp(a*rho),[0.16334053947358496],4,8.034648895263672,6.2017107009887695,7.118179798126221,7.510491371154785,6.709445476531982,7.109968185424805,7.149968185424805,True,True,56,1112,9.278655086000072,1436.63671875,meta_1/agent_1/attempt_1/results.json
meta_1,agent_1,attempt_1,Triangular,exp(a*rho),[-0.19378753393360434],4,7.765419006347656,10.349940299987793,9.057680130004883,6.5038743019104,8.996301651000977,7.750087738037109,7.790087738037109,True,False,60,1113,10.018647459999556,1622.4140625,meta_1/agent_1/attempt_1/results.json
meta_1,agent_1,attempt_1,Del Castillo,exp(a*rho),[-0.08049199000151822],4,7.248034477233887,6.744309902191162,6.996171951293945,6.038365364074707,7.402493000030518,6.720429420471191,6.760429420471191,True,False,56,1114,15.017749443999492,1878.59375,meta_1/agent_1/attempt_1/results.json
meta_1,agent_1,attempt_2,Greenshields,exp(a*rho + b*rho^2),"[-0.05944921715600992, 0.0]",10,7.507604598999023,6.794766902923584,7.151185989379883,10.016876220703125,7.6537628173828125,8.835319519042969,8.935319519042968,True,False,60,1120,9.707620166000197,2027.2421875,meta_1/agent_1/attempt_2/results.json
meta_1,agent_1,attempt_2,IDM,exp(a*rho + b*rho^2),"[-0.9796330921845116, 1.451517798664292]",10,7.166966438293457,6.1423540115356445,6.654660224914551,6.467944145202637,8.669989585876465,7.568966865539551,7.66896686553955,True,False,60,1121,30.11797486100022,2387.609375,meta_1/agent_1/attempt_2/results.json
meta_1,agent_1,attempt_2,Weidmann,exp(a*rho + b*rho^2),"[0.163338386098993, 0.36549811678257565]",10,7.768280506134033,6.277886867523193,7.023083686828613,11.939809799194336,10.048404693603516,10.994107246398926,11.094107246398925,True,False,60,1122,10.646958368000014,2556.33203125,meta_1/agent_1/attempt_2/results.json
meta_1,agent_1,attempt_2,Triangular,exp(a*rho + b*rho^2),"[-0.19378753393360434, 0.0]",10,7.765419006347656,10.349940299987793,9.057680130004883,6.5038743019104,8.996301651000977,7.750087738037109,7.850087738037109,True,False,60,1123,9.698324791999767,2736.51953125,meta_1/agent_1/attempt_2/results.json
meta_1,agent_1,attempt_2,Del Castillo,exp(a*rho + b*rho^2),"[0.14350231831986715, -0.4919838371499423]",10,7.12888240814209,6.750040531158447,6.939461708068848,6.15329122543335,8.183040618896484,7.168166160583496,7.268166160583496,True,False,60,1124,17.127494334000403,2972.27734375,meta_1/agent_1/attempt_2/results.json
meta_1,agent_1,attempt_3,Greenshields,exp(a*rho + b*rho^2 + c*rho^3),"[0.1462883696976811, -0.8855922778887466, 0.939213679027036]",16,7.416229248046875,6.713172435760498,7.064701080322266,8.631691932678223,7.458929061889648,8.045310974121094,8.205310974121094,True,False,60,1130,9.687141514999894,3136.85546875,meta_1/agent_1/attempt_3/results.json
meta_1,agent_1,attempt_3,IDM,exp(a*rho + b*rho^2 + c*rho^3),"[-0.30366678697204413, 0.17323326817553425, 0.0]",16,7.019094467163086,7.513858795166016,7.266476631164551,6.788599491119385,7.888529300689697,7.338564395904541,7.498564395904541,True,False,60,1131,32.41476535299989,3483.30859375,meta_1/agent_1/attempt_3/results.json
meta_1,agent_1,attempt_3,Weidmann,exp(a*rho + b*rho^2 + c*rho^3),"[0.163338386098993, 0.36549811678257565, 0.0]",16,7.768280506134033,6.277886867523193,7.023083686828613,11.939809799194336,10.048404693603516,10.994107246398926,11.154107246398926,True,False,60,1132,11.786884253000608,3665.5234375,meta_1/agent_1/attempt_3/results.json
meta_1,agent_1,attempt_3,Triangular,exp(a*rho + b*rho^2 + c*rho^3),"[-0.19371325685027665, 0.0, 0.0]",16,7.765449523925781,10.349954605102539,9.05770206451416,6.503795146942139,8.995250701904297,7.749523162841797,7.909523162841797,True,False,60,1133,10.32980745199984,3840.19921875,meta_1/agent_1/attempt_3/results.json
meta_1,agent_1,attempt_3,Del Castillo,exp(a*rho + b*rho^2 + c*rho^3),"[-0.08001789926580088, -0.06951187409072082, 0.0]",16,7.192105293273926,6.789797782897949,6.9909515380859375,6.091518878936768,8.360629081726074,7.22607421875,7.38607421875,True,False,60,1134,15.915323720999368,4096.0703125,meta_1/agent_1/attempt_3/results.json
meta_1,agent_2,attempt_1,Greenshields,exp(a*rho*(1-rho/0.55995123)),[0.05870392846181642],10,7.760090351104736,6.63980770111084,7.199949264526367,11.619335174560547,7.637561798095703,9.628448486328125,9.728448486328125,True,True,36,2110,7.1752856809998775,775.95703125,meta_1/agent_2/attempt_1/results.json
meta_1,agent_2,attempt_1,IDM,exp(a*rho*(1-rho/0.694751529445)),[-1.0694461521696872],10,7.201643943786621,6.114647388458252,6.658145904541016,6.621784687042236,9.723468780517578,8.172626495361328,8.272626495361328,True,False,60,2111,30.546363340000426,1234.08984375,meta_1/agent_2/attempt_1/results.json
meta_1,agent_2,attempt_1,Weidmann,exp(a*rho*(1-rho/0.80612097)),[0.1365440521436772],10,8.205365180969238,6.206140518188477,7.205752849578857,5.923584938049316,6.521000385284424,6.222292900085449,6.322292900085449,True,True,52,2112,8.86619620700003,1414.6015625,meta_1/agent_2/attempt_1/results.json
meta_1,agent_2,attempt_1,Triangular,exp(a*rho*(1-rho/0.671299943071)),[-0.5717219093352862],10,7.716850280761719,9.789294242858887,8.753072738647461,6.539397716522217,9.179962158203125,7.85968017578125,7.95968017578125,True,False,60,2113,10.63164114600022,1593.609375,meta_1/agent_2/attempt_1/results.json
meta_1,agent_2,attempt_1,Del Castillo,exp(a*rho*(1-rho/0.61532169)),[-0.057113083218120406],10,7.384114742279053,6.707156658172607,7.04563570022583,6.753606796264648,6.547346115112305,6.650476455688477,6.750476455688476,True,True,43,2114,12.058323807999841,1835.76953125,meta_1/agent_2/attempt_1/results.json
meta_1,agent_2,attempt_2,Greenshields,exp((a*rho+b*rho^2)*(1-rho/0.55995123)),"[0.05870392846181642, -0.4948637635900465]",15,7.509015083312988,6.722798824310303,7.115906715393066,9.93820858001709,7.595423698425293,8.766816139221191,8.916816139221192,True,False,60,2120,11.117046277000554,852.55859375,meta_1/agent_2/attempt_2/results.json
meta_1,agent_2,attempt_2,IDM,exp((a*rho+b*rho^2)*(1-rho/0.694751529445)),"[-1.0687336630609796, 0.3117903362673559]",15,7.1706156730651855,6.076310157775879,6.623462677001953,6.332851886749268,8.239949226379395,7.28640079498291,7.4364007949829105,True,False,60,2121,31.875251118999586,1294.19921875,meta_1/agent_2/attempt_2/results.json
meta_1,agent_2,attempt_2,Weidmann,exp((a*rho+b*rho^2)*(1-rho/0.80612097)),"[0.21022909055236894, 0.4442977223878447]",15,7.964241027832031,6.357306003570557,7.160773277282715,7.761976718902588,6.900208950042725,7.331092834472656,7.481092834472657,True,False,60,2122,13.207668728000499,1497.93359375,meta_1/agent_2/attempt_2/results.json
meta_1,agent_2,attempt_2,Triangular,exp((a*rho+b*rho^2)*(1-rho/0.671299943071)),"[-1.7007035445913696, 3.3015598076084562]",15,8.578435897827148,8.72382640838623,8.651130676269531,12.831498146057129,7.996793746948242,10.414146423339844,10.564146423339844,True,False,60,2123,10.886164834999363,1689.0234375,meta_1/agent_2/attempt_2/results.json
meta_1,agent_2,attempt_2,Del Castillo,exp((a*rho+b*rho^2)*(1-rho/0.61532169)),"[-0.0559121568010544, -0.44546238887908624]",15,7.276693344116211,6.74630069732666,7.0114970207214355,6.0508856773376465,7.443784236907959,6.747334957122803,6.897334957122803,True,False,60,2124,16.571293798000625,1972.38671875,meta_1/agent_2/attempt_2/results.json
meta_1,agent_2,attempt_3,Greenshields,exp((a*rho+b*rho^2+c*rho^3)*(1-rho/0.55995123)),"[0.057613565354808556, -0.49469936013726123, 0.0]",21,7.5089430809021,6.723948001861572,7.116445541381836,9.9381742477417,7.596918106079102,8.767545700073242,8.977545700073243,True,False,60,2130,11.002369517999796,856.32421875,meta_1/agent_2/attempt_3/results.json
meta_1,agent_2,attempt_3,IDM,exp((a*rho+b*rho^2+c*rho^3)*(1-rho/0.694751529445)),"[-1.436972906521679, -0.6452147118932098, 4.4355817404561435]",21,7.434976577758789,5.772015571594238,6.603496074676514,6.711102485656738,6.083893775939941,6.39749813079834,6.60749813079834,True,False,60,2131,30.67243691800013,1330.515625,meta_1/agent_2/attempt_3/results.json
meta_1,agent_2,attempt_3,Weidmann,exp((a*rho+b*rho^2+c*rho^3)*(1-rho/0.80612097)),"[0.13654405011840165, 0.0, 0.0]",21,8.205365180969238,6.206140518188477,7.205752849578857,5.923584938049316,6.521000385284424,6.222292900085449,6.432292900085449,True,False,60,2132,12.748297473999628,1532.26953125,meta_1/agent_2/attempt_3/results.json
meta_1,agent_2,attempt_3,Triangular,exp((a*rho+b*rho^2+c*rho^3)*(1-rho/0.671299943071)),"[-0.048472069007663876, -2.6226643300929435, 4.9214721399401675]",21,7.738589763641357,9.715961456298828,8.727275848388672,6.540417194366455,7.919236660003662,7.229826927185059,7.439826927185059,True,False,60,2133,12.696645586999693,1728.3984375,meta_1/agent_2/attempt_3/results.json
meta_1,agent_2,attempt_3,Del Castillo,exp((a*rho+b*rho^2+c*rho^3)*(1-rho/0.61532169)),"[-0.0559121568010544, -0.44546238887908624, 0.0]",21,7.276693344116211,6.74630069732666,7.0114970207214355,6.0508856773376465,7.443784236907959,6.747334957122803,6.957334957122803,True,False,60,2134,16.173353449999922,2034.03515625,meta_1/agent_2/attempt_3/results.json
meta_1,agent_3,attempt_1,Greenshields,exp(a*rho/(1+rho)),[-0.0674341877206736],8,7.558452390643003,6.770174197873858,7.164313294258431,10.47325847994566,7.642450961968585,9.057854720957122,9.137854720957122,True,False,60,3110,10.553482981999878,891.609375,meta_1/agent_3/attempt_1/results.json
meta_1,agent_3,attempt_1,IDM,exp(a*rho/(1+rho)),[-0.48542155169600276],8,7.15364832403681,7.1413820429477255,7.147515183492268,6.904507968725058,8.908321242115086,7.906414605420072,7.986414605420072,True,False,60,3111,40.50964211199971,1323.71484375,meta_1/agent_3/attempt_1/results.json
meta_1,agent_3,attempt_1,Weidmann,exp(a*rho/(1+rho)),[0.17499455838121247],8,8.112399016552608,6.211971173509273,7.1621850950309405,6.543904031719951,6.30527654821697,6.42459028996846,6.50459028996846,True,False,60,3112,11.984596508000323,1535.22265625,meta_1/agent_3/attempt_1/results.json
meta_1,agent_3,attempt_1,Triangular,exp(a*rho/(1+rho)),[-0.29657302851054046],8,7.752961400586906,10.221853382480907,8.987407391533907,6.515768675484117,9.196404565952212,7.856086620718164,7.936086620718164,True,False,60,3113,11.156662774999859,1721.8046875,meta_1/agent_3/attempt_1/results.json
meta_1,agent_3,attempt_1,Del Castillo,exp(a*rho/(1+rho)),[-0.1031620004657688],8,7.279288740640334,6.738277447503218,7.0087830940717755,6.086124136301638,7.134637845361479,6.610380990831558,6.690380990831558,True,False,52,3114,13.95686875499996,1932.7265625,meta_1/agent_3/attempt_1/results.json
meta_1,agent_3,attempt_2,Greenshields,exp((a*rho+b*rho^2)/(1+rho)),"[-0.0674341877206424, 0.0]",13,7.5584523906430725,6.770174197873795,7.1643132942584336,10.473258479946146,7.642450961968532,9.057854720957339,9.18785472095734,True,False,60,3120,12.840885632000209,890.7734375,meta_1/agent_3/attempt_2/results.json
meta_1,agent_3,attempt_2,IDM,exp((a*rho+b*rho^2)/(1+rho)),"[-0.4857453819505672, 0.25587466313142954]",13,7.03091622849623,7.103953435318819,7.067434831907525,6.762497711959199,8.130499593836264,7.4464986528977315,7.576498652897731,True,False,60,3121,43.67780651200064,1313.421875,meta_1/agent_3/attempt_2/results.json
meta_1,agent_3,attempt_2,Weidmann,exp((a*rho+b*rho^2)/(1+rho)),"[0.14989494962836503, 0.08306538376670947]",13,8.09404343773662,6.18199155534813,7.138017496542375,6.800902462137923,6.386292587420192,6.5935975247790575,6.723597524779057,True,False,60,3122,12.900989980999839,1505.75,meta_1/agent_3/attempt_2/results.json
meta_1,agent_3,attempt_2,Triangular,exp((a*rho+b*rho^2)/(1+rho)),"[-0.29657302851054046, 0.0]",13,7.752961400586906,10.221853382480907,8.987407391533907,6.515768675484117,9.196404565952212,7.856086620718164,7.986086620718164,True,False,60,3123,12.742559949999304,1736.7421875,meta_1/agent_3/attempt_2/results.json
meta_1,agent_3,attempt_2,Del Castillo,exp((a*rho+b*rho^2)/(1+rho)),"[-0.10323082101310695, -0.10002658869481983]",13,7.221414672101095,6.78010442159289,7.000759546846993,6.051923891764078,7.966357336942974,7.009140614353527,7.1391406143535265,True,False,60,3124,16.442117378000148,2011.0078125,meta_1/agent_3/attempt_2/results.json
meta_1,agent_3,attempt_3,Greenshields,exp((a*rho+b*rho^2+c*rho^3)/(1+rho)),"[-0.06743418772073445, 0.0, 0.0]",20,7.558452390642876,6.77017419787399,7.164313294258433,10.47325847994469,7.642450961968692,9.05785472095669,9.25785472095669,True,False,60,3130,12.77989512000022,891.35546875,meta_1/agent_3/attempt_3/results.json
meta_1,agent_3,attempt_3,IDM,exp((a*rho+b*rho^2+c*rho^3)/(1+rho)),"[-2.087150975327982, 4.311198896838591, -1.8917305530856874]",20,7.387383316015453,5.878189905789813,6.632786610902633,7.061202750513194,6.348059446443873,6.704631098478533,6.904631098478533,True,False,60,3131,42.67186602399943,1363.2109375,meta_1/agent_3/attempt_3/results.json
meta_1,agent_3,attempt_3,Weidmann,exp((a*rho+b*rho^2+c*rho^3)/(1+rho)),"[0.17499455838121908, 0.0, 0.0]",20,8.112399016552608,6.2119711735092835,7.162185095030946,6.5439040317200154,6.305276548216973,6.424590289968494,6.624590289968494,True,False,60,3132,12.440565445000175,1584.6328125,meta_1/agent_3/attempt_3/results.json
meta_1,agent_3,attempt_3,Triangular,exp((a*rho+b*rho^2+c*rho^3)/(1+rho)),"[-0.29657302851034595, 0.0, 0.0]",20,7.752961400586959,10.22185338248088,8.98740739153392,6.515768675483981,9.196404565950107,7.856086620717044,8.056086620717045,True,False,60,3133,12.45323937000012,1801.87890625,meta_1/agent_3/attempt_3/results.json
meta_1,agent_3,attempt_3,Del Castillo,exp((a*rho+b*rho^2+c*rho^3)/(1+rho)),"[-0.10323082101310695, -0.10002658869481983, 0.0]",20,7.221414672101095,6.78010442159289,7.000759546846993,6.051923891764078,7.966357336942974,7.009140614353527,7.209140614353527,True,False,60,3134,16.224072327000613,2047.91015625,meta_1/agent_3/attempt_3/results.json
meta_2,agent_1,attempt_1,Greenshields,exp(c0),[0.022635381205907117],2,7.776723384857178,6.578375816345215,7.177549362182617,11.638790130615234,7.659224033355713,9.649006843566895,9.669006843566894,True,False,67,4110,9.782471763000103,830.171875,meta_2/agent_1/attempt_1/results.json
meta_2,agent_1,attempt_1,IDM,exp(c0),[-0.18839327236131206],2,7.256054401397705,6.095198631286621,6.675626754760742,6.279279708862305,6.138361930847168,6.208820819854736,6.228820819854736,True,False,90,4111,51.66681444799997,1444.1875,meta_2/agent_1/attempt_1/results.json
meta_2,agent_1,attempt_1,Weidmann,exp(c0),[-0.019717392125788224],2,8.341577529907227,6.088132381439209,7.214855194091797,5.790348529815674,7.430845260620117,6.610596656799316,6.630596656799316,True,True,64,4112,9.878837475000182,1641.08984375,meta_2/agent_1/attempt_1/results.json
meta_2,agent_1,attempt_1,Triangular,exp(c0),[-0.09737332019255536],2,7.776231288909912,9.697796821594238,8.737013816833496,6.599503993988037,8.417008399963379,7.508255958557129,7.5282559585571285,True,True,73,4113,11.656411959000252,1838.55078125,meta_2/agent_1/attempt_1/results.json
meta_2,agent_1,attempt_1,Del Castillo,exp(c0),[0.0054952026563039776],2,7.3842997550964355,6.710896968841553,7.047598361968994,6.8029465675354,6.364965438842773,6.583955764770508,6.603955764770507,True,True,56,4114,12.815544453999792,2053.17578125,meta_2/agent_1/attempt_1/results.json
meta_2,agent_1,attempt_2,Greenshields,exp(c0 + a*rho),"[0.02312297116054006, -0.08831739725970279]",6,7.453784942626953,6.653315544128418,7.0535502433776855,9.347293853759766,7.45041561126709,8.398855209350586,8.458855209350586,True,False,90,4120,13.83766646299955,2282.75,meta_2/agent_1/attempt_2/results.json
meta_2,agent_1,attempt_2,IDM,exp(c0 + a*rho),"[-0.1678685824476119, -0.0907626552372839]",6,7.150695323944092,6.096746921539307,6.623721122741699,6.133254528045654,7.74791145324707,6.940583229064941,7.000583229064941,True,False,90,4121,44.25374501399983,2821.671875,meta_2/agent_1/attempt_2/results.json
meta_2,agent_1,attempt_2,Weidmann,exp(c0 + a*rho),"[-0.07011210944619486, 0.22970736668129185]",6,7.921928405761719,5.862733364105225,6.892331123352051,8.870291709899902,7.26921272277832,8.069751739501953,8.129751739501954,True,False,90,4122,15.855949836000036,3096.2109375,meta_2/agent_1/attempt_2/results.json
meta_2,agent_1,attempt_2,Triangular,exp(c0 + a*rho),"[-0.12995874786039702, 0.10917850949911874]",6,7.873022079467773,9.480878829956055,8.676950454711914,7.801053524017334,7.845757961273193,7.823405742645264,7.883405742645263,True,False,90,4123,15.952732751999974,3347.21875,meta_2/agent_1/attempt_2/results.json
meta_2,agent_1,attempt_2,Del Castillo,exp(c0 + a*rho),"[0.0054952026563039776, -0.09005362272217757]",6,7.230447769165039,6.733481407165527,6.981964588165283,6.036612033843994,7.543319225311279,6.789965629577637,6.849965629577636,True,False,90,4124,23.58699354500004,3716.5703125,meta_2/agent_1/attempt_2/results.json
meta_2,agent_1,attempt_3,Greenshields,exp(c0 + a*rho + b*rho^2),"[0.02312297116054006, -0.08831739725970279, -0.1500812210203765]",12,7.331324100494385,6.764349460601807,7.047836780548096,7.525036334991455,7.489746570587158,7.507391452789307,7.627391452789307,True,False,90,4130,15.889468674000454,3952.88671875,meta_2/agent_1/attempt_3/results.json
meta_2,agent_1,attempt_3,IDM,exp(c0 + a*rho + b*rho^2),"[-0.16515452210115172, -0.05973336477612662, -0.024730553204409554]",12,7.156400680541992,6.096210956573486,6.62630558013916,6.09036111831665,7.2216057777404785,6.6559834480285645,6.775983448028565,True,False,90,4131,46.555761663999874,4444.78515625,meta_2/agent_1/attempt_3/results.json
meta_2,agent_1,attempt_3,Weidmann,exp(c0 + a*rho + b*rho^2),"[-0.019554098383702312, 0.22963889754790484, 0.26693649087871135]",12,7.753527641296387,6.14042329788208,6.9469757080078125,12.202457427978516,9.980203628540039,11.091330528259277,11.211330528259277,True,False,90,4132,15.573584587999903,4711.34765625,meta_2/agent_1/attempt_3/results.json
meta_2,agent_1,attempt_3,Triangular,exp(c0 + a*rho + b*rho^2),"[-0.09737331874827582, 0.08180344902475788, 0.07213459761414154]",12,7.880915641784668,9.531303405761719,8.706110000610352,8.000911712646484,7.274188041687012,7.637549877166748,7.757549877166748,True,False,90,4133,15.712624095999672,4968.74609375,meta_2/agent_1/attempt_3/results.json
meta_2,agent_1,attempt_3,Del Castillo,exp(c0 + a*rho + b*rho^2),"[0.23725421878943176, -1.5348097374060528, 2.47921828457063]",12,7.279192924499512,6.478569984436035,6.878881454467773,6.306695461273193,8.435495376586914,7.371095657348633,7.491095657348633,True,False,90,4134,26.626792587000637,5323.7734375,meta_2/agent_1/attempt_3/results.json
meta_2,agent_2,attempt_1,Greenshields,exp(a*(rho-0.279975615)),[-0.37645293085573256],6,7.116166591644287,6.5910797119140625,6.853623390197754,6.290742874145508,10.275655746459961,8.283199310302734,8.343199310302735,True,True,60,5110,9.754217841000354,829.5078125,meta_2/agent_2/attempt_1/results.json
meta_2,agent_2,attempt_1,IDM,exp(a*(rho-0.347375764723)),[2.6674705860294754],6,10.88764476776123,5.4263739585876465,8.15700912475586,19.334074020385742,5.6702728271484375,12.50217342376709,12.56217342376709,True,True,62,5111,29.328350806000344,1282.0390625,meta_2/agent_2/attempt_1/results.json
meta_2,agent_2,attempt_1,Weidmann,exp(a*(rho-0.403060485)),[0.49126599454469216],6,7.588151931762695,5.735021114349365,6.661586761474609,14.448137283325195,8.516461372375488,11.4822998046875,11.5422998046875,True,True,73,5112,11.771910022999691,1499.62109375,meta_2/agent_2/attempt_1/results.json
meta_2,agent_2,attempt_1,Triangular,exp(a*(rho-0.335649971536)),[0.2122322872069219],6,8.02230453491211,9.968639373779297,8.995471954345703,9.799481391906738,7.311349391937256,8.555415153503418,8.615415153503418,True,False,90,5113,15.388748545999988,1749.5859375,meta_2/agent_2/attempt_1/results.json
meta_2,agent_2,attempt_1,Del Castillo,exp(a*(rho-0.307660845)),[2.287139910878736],6,11.274238586425781,5.600252151489258,8.43724536895752,19.613121032714844,5.592000484466553,12.602560997009277,12.662560997009278,True,True,62,5114,16.967954530000497,2063.37109375,meta_2/agent_2/attempt_1/results.json
meta_2,agent_2,attempt_2,Greenshields,exp(a*(rho-0.279975615) + b*(rho-0.279975615)^2),"[2.2401482843456453, 1.3293559722964667]",14,10.873454093933105,5.356173515319824,8.114813804626465,19.568201065063477,5.569127082824707,12.56866455078125,12.70866455078125,True,False,90,5120,14.59606647199962,2288.90625,meta_2/agent_2/attempt_2/results.json
meta_2,agent_2,attempt_2,IDM,exp(a*(rho-0.347375764723) + b*(rho-0.347375764723)^2),"[3.146724643924165, 3.765862360822385]",14,10.490431785583496,5.255686283111572,7.873059272766113,19.301782608032227,5.752895355224609,12.527338981628418,12.667338981628419,True,False,90,5121,45.97768246400028,2796.578125,meta_2/agent_2/attempt_2/results.json
meta_2,agent_2,attempt_2,Weidmann,exp(a*(rho-0.403060485) + b*(rho-0.403060485)^2),"[0.4912620528525054, 0.09017511772313057]",14,7.575188159942627,5.733811855316162,6.6545000076293945,13.946379661560059,8.477073669433594,11.211727142333984,11.351727142333985,True,False,90,5122,15.066662399999586,3056.2421875,meta_2/agent_2/attempt_2/results.json
meta_2,agent_2,attempt_2,Triangular,exp(a*(rho-0.335649971536) + b*(rho-0.335649971536)^2),"[0.40859088213059813, 3.541686350162383]",14,7.741910457611084,9.95028305053711,8.846096992492676,6.636269569396973,6.470028400421143,6.553149223327637,6.693149223327636,True,False,90,5123,16.675593865999872,3312.15234375,meta_2/agent_2/attempt_2/results.json
meta_2,agent_2,attempt_2,Del Castillo,exp(a*(rho-0.307660845) + b*(rho-0.307660845)^2),"[2.2881439110819977, 3.222717342895125]",14,11.189446449279785,5.523811340332031,8.35662841796875,19.715843200683594,5.630664348602295,12.673254013061523,12.813254013061524,True,True,72,5124,19.310218936999263,3628.2109375,meta_2/agent_2/attempt_2/results.json
meta_2,agent_2,attempt_3,Greenshields,exp(a*(rho-0.279975615) + b*(rho-0.279975615)^2 + c*(rho-0.279975615)^3),"[-0.3771283145351677, 1.3253380783215105, 0.0]",22,7.2046403884887695,6.400662899017334,6.802651405334473,6.30654764175415,10.235648155212402,8.271098136901855,8.491098136901856,True,False,90,5130,16.076051368000662,3867.52734375,meta_2/agent_2/attempt_3/results.json
meta_2,agent_2,attempt_3,IDM,exp(a*(rho-0.347375764723) + b*(rho-0.347375764723)^2 + c*(rho-0.347375764723)^3),"[3.218527462620811, 4.998935974629317, -1.205137743658896]",22,10.299991607666016,5.254178047180176,7.777084827423096,19.315200805664062,5.960400581359863,12.637800216674805,12.857800216674805,True,False,90,5131,48.117858082000566,4372.08203125,meta_2/agent_2/attempt_3/results.json
meta_2,agent_2,attempt_3,Weidmann,exp(a*(rho-0.403060485) + b*(rho-0.403060485)^2 + c*(rho-0.403060485)^3),"[0.4912620528525054, 0.09017511772313057, -0.2156043328382324]",22,7.564271926879883,5.736605167388916,6.65043830871582,13.661269187927246,8.438969612121582,11.050119400024414,11.270119400024415,True,False,90,5132,18.836687883000195,4637.80859375,meta_2/agent_2/attempt_3/results.json
meta_2,agent_2,attempt_3,Triangular,exp(a*(rho-0.335649971536) + b*(rho-0.335649971536)^2 + c*(rho-0.335649971536)^3),"[0.7689974755523448, 4.99383224293023, -4.485952577232944]",22,7.869749069213867,9.332440376281738,8.601095199584961,7.523217678070068,6.482409477233887,7.002813339233398,7.222813339233398,True,False,90,5133,18.164623571999982,4903.5625,meta_2/agent_2/attempt_3/results.json
meta_2,agent_2,attempt_3,Del Castillo,exp(a*(rho-0.307660845) + b*(rho-0.307660845)^2 + c*(rho-0.307660845)^3),"[0.019765335094207748, 2.35301793610878, -4.998935966337865]",22,7.2165751457214355,6.412160873413086,6.81436824798584,6.403677940368652,8.915874481201172,7.659776210784912,7.879776210784912,True,False,90,5134,23.828580158000477,5278.91796875,meta_2/agent_2/attempt_3/results.json
meta_2,agent_3,attempt_1,Greenshields,1 + a*rho,[-0.0587823927871582],5,7.506843090057373,6.794493198394775,7.150668144226074,10.009268760681152,7.653007507324219,8.831138610839844,8.881138610839844,True,,,6110,14.683832476000134,903.24609375,meta_2/agent_3/attempt_1/results.json
meta_2,agent_3,attempt_1,IDM,1 + a*rho,[-0.27337868770114404],5,7.132697582244873,7.604856491088867,7.368777275085449,6.897742748260498,8.37674617767334,7.63724422454834,7.68724422454834,True,,,6111,44.1561468509999,1505.56640625,meta_2/agent_3/attempt_1/results.json
meta_2,agent_3,attempt_1,Weidmann,1 + a*rho,[0.16375362278426278],5,8.043331146240234,6.201798915863037,7.122565269470215,7.3766608238220215,6.638988494873047,7.007824897766113,7.057824897766113,True,,,6112,10.308894456999951,1683.359375,meta_2/agent_3/attempt_1/results.json
meta_2,agent_3,attempt_1,Triangular,1 + a*rho,[-0.18032558367332555],5,7.768465518951416,10.36376667022705,9.066116333007812,6.4954023361206055,8.901710510253906,7.698556423187256,7.748556423187256,True,,,6113,11.278051232000507,1872.46484375,meta_2/agent_3/attempt_1/results.json
meta_2,agent_3,attempt_1,Del Castillo,1 + a*rho,[-0.07907410620274553],5,7.247148036956787,6.744029521942139,6.995588779449463,6.037877082824707,7.40673303604126,6.7223052978515625,6.772305297851562,True,,,6114,23.062247285000012,2198.30078125,meta_2/agent_3/attempt_1/results.json
meta_2,agent_3,attempt_2,Greenshields,(1 + a*rho)/(1 + b*rho),"[-0.05905643163540827, -0.00012482375995692197]",11,7.5063934326171875,6.7949419021606445,7.150667667388916,10.00516414642334,7.653353214263916,8.829258918762207,8.939258918762206,True,,,6120,16.435094007999396,946.515625,meta_2/agent_3/attempt_2/results.json
meta_2,agent_3,attempt_2,IDM,(1 + a*rho)/(1 + b*rho),"[1.8032682554211275, 2.55171354436223]",11,7.157116413116455,6.793112277984619,6.975114345550537,6.9102606773376465,9.460092544555664,8.185176849365234,8.295176849365234,True,,,6121,47.71079159199962,1622.93359375,meta_2/agent_3/attempt_2/results.json
meta_2,agent_3,attempt_2,Weidmann,(1 + a*rho)/(1 + b*rho),"[0.15918911595657909, -0.008811464490498076]",11,8.036165237426758,6.208271503448486,7.122218132019043,7.467092037200928,6.688442707061768,7.077767372131348,7.187767372131348,True,,,6122,15.357549657999698,1881.4375,meta_2/agent_3/attempt_2/results.json
meta_2,agent_3,attempt_2,Triangular,(1 + a*rho)/(1 + b*rho),"[0.1975289369648888, 0.42474298613152855]",11,7.759993076324463,10.304924011230469,9.032458305358887,6.5124192237854,9.105995178222656,7.809206962585449,7.9192069625854495,True,,,6123,16.66490420900027,2157.65625,meta_2/agent_3/attempt_2/results.json
meta_2,agent_3,attempt_2,Del Castillo,(1 + a*rho)/(1 + b*rho),"[-0.07953900712642639, -0.00027363675387986317]",11,7.246859073638916,6.744312286376953,6.9955854415893555,6.037746429443359,7.411695957183838,6.7247209548950195,6.83472095489502,True,,,6124,24.41723465799987,2490.7265625,meta_2/agent_3/attempt_2/results.json
meta_2,agent_3,attempt_3,Greenshields,(1 + a*rho + b*rho^2)/(1 + c*rho),"[-0.05905643163540827, -0.04344204672881144, 0.0]",17,7.454810619354248,6.83823299407959,7.14652156829834,9.44196891784668,7.6821818351745605,8.5620756149292,8.7320756149292,True,,,6130,16.8011753210003,960.16015625,meta_2/agent_3/attempt_3/results.json
meta_2,agent_3,attempt_3,IDM,(1 + a*rho + b*rho^2)/(1 + c*rho),"[0.6804113861774153, 3.4887393611320876, 2.933020237548784]",17,7.439164161682129,5.860002517700195,6.649583339691162,9.340753555297852,6.780552387237549,8.060652732849121,8.230652732849121,True,,,6131,43.89362814600008,1642.09765625,meta_2/agent_3/attempt_3/results.json
meta_2,agent_3,attempt_3,Weidmann,(1 + a*rho + b*rho^2)/(1 + c*rho),"[3.5080968276107023, 2.270760694982263, 3.989828642447319]",17,7.758569240570068,5.771022319793701,6.764795780181885,10.653430938720703,8.080384254455566,9.366907119750977,9.536907119750976,True,,,6132,18.522625444999903,1934.625,meta_2/agent_3/attempt_3/results.json
meta_2,agent_3,attempt_3,Triangular,(1 + a*rho + b*rho^2)/(1 + c*rho),"[0.46797349219050993, 3.5761579520050306, 2.1323596044094066]",17,8.621256828308105,8.682327270507812,8.651792526245117,13.180255889892578,7.910118103027344,10.545186996459961,10.71518699645996,True,,,6133,15.474748890000228,2229.7890625,meta_2/agent_3/attempt_3/results.json
meta_2,agent_3,attempt_3,Del Castillo,(1 + a*rho + b*rho^2)/(1 + c*rho),"[0.344825836310573, -0.37343236160698146, 0.261582857221359]",17,7.162547588348389,6.733166217803955,6.947856903076172,6.086177825927734,7.907074928283691,6.996626377105713,7.166626377105713,True,,,6134,22.797044502000062,2588.06640625,meta_2/agent_3/attempt_3/results.json
meta_3,agent_1,attempt_1,Greenshields,"exp(a*conv_1(rho,ones))",[-4.693158197597512],6,7.507726192474365,6.794644355773926,7.151185035705566,10.017973899841309,7.653662204742432,8.83581829071045,8.89581829071045,True,False,90,7110,20.844553953000286,1013.37890625,meta_3/agent_1/attempt_1/results.json
meta_3,agent_1,attempt_1,IDM,"exp(a*conv_1(rho,ones))",[-23.939754112137685],6,7.14762020111084,7.529871940612793,7.338746070861816,6.9052252769470215,8.493685722351074,7.699455261230469,7.759455261230468,True,True,89,7111,230.30220423300034,3163.0234375,meta_3/agent_1/attempt_1/results.json
meta_3,agent_1,attempt_1,Weidmann,"exp(a*conv_1(rho,ones))",[0.0009458826666385165],6,8.326836585998535,6.138566493988037,7.232701301574707,5.7962846755981445,7.163875102996826,6.480079650878906,6.540079650878906,True,True,76,7112,13.723830700999315,1244.8671875,meta_3/agent_1/attempt_1/results.json
meta_3,agent_1,attempt_1,Triangular,"exp(a*conv_1(rho,ones))",[-15.190704429051259],6,7.7659101486206055,10.349447250366211,9.05767822265625,6.501987934112549,8.974313735961914,7.738150596618652,7.798150596618652,True,False,90,7113,20.518022842999926,1562.34765625,meta_3/agent_1/attempt_1/results.json
meta_3,agent_1,attempt_1,Del Castillo,"exp(a*conv_1(rho,ones))",[-6.349669456608548],6,7.248189449310303,6.744154453277588,6.996171951293945,6.0384368896484375,7.399782657623291,6.719109535217285,6.779109535217285,True,True,82,7114,22.176294218000294,1885.59375,meta_3/agent_1/attempt_1/results.json
meta_3,agent_1,attempt_2,Greenshields,"exp(a*conv_3(rho,ones))",[-1.662726641432352],6,7.4792704582214355,6.78203821182251,7.130654335021973,9.851597785949707,7.6430344581604,8.747316360473633,8.807316360473633,True,False,90,7120,26.93287670099926,2182.015625,meta_3/agent_1/attempt_2/results.json
meta_3,agent_1,attempt_2,IDM,"exp(a*conv_3(rho,ones))",[-8.669891235755035],6,7.1247029304504395,7.355361461639404,7.240032196044922,6.774051666259766,8.576087951660156,7.675069808959961,7.7350698089599605,True,False,90,7121,250.5872730989995,3231.70703125,meta_3/agent_1/attempt_2/results.json
meta_3,agent_1,attempt_2,Weidmann,"exp(a*conv_3(rho,ones))",[-0.00037578454755665376],6,8.326882362365723,6.138577461242676,7.232729911804199,5.796239852905273,7.164295673370361,6.480267524719238,6.540267524719238,True,True,75,7122,18.88727397799994,2394.1484375,meta_3/agent_1/attempt_2/results.json
meta_3,agent_1,attempt_2,Triangular,"exp(a*conv_3(rho,ones))",[-5.089466614656042],6,7.7379350662231445,10.34467601776123,9.041305541992188,6.439287185668945,8.99133586883545,7.715311527252197,7.775311527252197,True,True,87,7123,26.757514140999774,2702.4140625,meta_3/agent_1/attempt_2/results.json
meta_3,agent_1,attempt_2,Del Castillo,"exp(a*conv_3(rho,ones))",[-2.4900146567264123],6,7.206776142120361,6.73579216003418,6.971283912658691,6.015737533569336,7.849090576171875,6.9324140548706055,6.992414054870605,True,True,85,7124,27.297678326000096,3002.515625,meta_3/agent_1/attempt_2/results.json
meta_3,agent_1,attempt_3,Greenshields,"exp(a*conv_1(rho,ones)+b*conv_3(rho,ones))","[-4.7103098531684555, -0.15681474748542332]",12,7.489500522613525,6.810892581939697,7.150196552276611,9.856059074401855,7.667631149291992,8.761844635009766,8.881844635009765,True,False,90,7130,20.173294141999577,3191.73828125,meta_3/agent_1/attempt_3/results.json
meta_3,agent_1,attempt_3,IDM,"exp(a*conv_1(rho,ones)+b*conv_3(rho,ones))","[-23.969349133509503, -0.734675494383437]",12,7.189479827880859,7.478495121002197,7.333987236022949,6.919095993041992,8.726272583007812,7.822684288024902,7.9426842880249025,True,False,90,7131,272.2791642230004,3287.20703125,meta_3/agent_1/attempt_3/results.json
meta_3,agent_1,attempt_3,Weidmann,"exp(a*conv_1(rho,ones)+b*conv_3(rho,ones))","[58.55936854964703, -19.519494718967422]",12,8.169318199157715,5.813400745391846,6.991359710693359,5.391589641571045,7.111098766326904,6.251344203948975,6.371344203948975,True,False,90,7132,27.706930080999882,3474.56640625,meta_3/agent_1/attempt_3/results.json
meta_3,agent_1,attempt_3,Triangular,"exp(a*conv_1(rho,ones)+b*conv_3(rho,ones))","[436.6349402307199, -149.13209974488893]",12,7.1588215827941895,9.612005233764648,8.38541316986084,5.4467926025390625,7.688803195953369,6.567797660827637,6.687797660827637,True,False,90,7133,27.247167282999726,3755.12109375,meta_3/agent_1/attempt_3/results.json
meta_3,agent_1,attempt_3,Del Castillo,"exp(a*conv_1(rho,ones)+b*conv_3(rho,ones))","[-6.346689870972786, -0.4440752208470672]",12,7.222665309906006,6.76514196395874,6.993903636932373,6.039652347564697,7.846522331237793,6.943087577819824,7.063087577819824,True,False,90,7134,37.23886106400005,4132.4296875,meta_3/agent_1/attempt_3/results.json
meta_3,agent_2,attempt_1,Greenshields,exp(a*St_oneD1(St_oneP0(rho))),[-0.05953862220065664],6,7.5073466300964355,6.795024394989014,7.151185512542725,10.014572143554688,7.653971195220947,8.834271430969238,8.894271430969239,True,False,90,8110,21.02713614300046,986.28515625,meta_3/agent_2/attempt_1/results.json
meta_3,agent_2,attempt_1,IDM,exp(a*St_oneD1(St_oneP0(rho))),[-0.30347522154712264],6,7.148362636566162,7.529132843017578,7.338747978210449,6.905677795410156,8.497430801391602,7.701554298400879,7.7615542984008785,True,False,72,8111,180.76508484500027,3190.52734375,meta_3/agent_2/attempt_1/results.json
meta_3,agent_2,attempt_1,Weidmann,exp(a*St_oneD1(St_oneP0(rho))),[-0.00013055207945957947],6,8.327095985412598,6.138668060302734,7.232882022857666,5.796083450317383,7.1661787033081055,6.481131076812744,6.541131076812744,True,True,63,8112,11.84639476800021,3303.39453125,meta_3/agent_2/attempt_1/results.json
meta_3,agent_2,attempt_1,Triangular,exp(a*St_oneD1(St_oneP0(rho))),[-0.1919797126007509],6,7.7660064697265625,10.349417686462402,9.05771255493164,6.501460552215576,8.969657897949219,7.735559463500977,7.795559463500976,True,False,75,8113,15.504886828000053,3484.90234375,meta_3/agent_2/attempt_1/results.json
meta_3,agent_2,attempt_1,Del Castillo,exp(a*St_oneD1(St_oneP0(rho))),[-0.08033418288532507],6,7.2482500076293945,6.744096755981445,6.99617338180542,6.038464069366455,7.3987908363342285,6.718627452850342,6.778627452850341,True,False,75,8114,19.641633379000268,3708.40234375,meta_3/agent_2/attempt_1/results.json
meta_3,agent_2,attempt_2,Greenshields,exp(a*St_oneD1(SquareD1(St_oneP0(rho)))),[-14.60026636563815],7,7.428665637969971,6.7928924560546875,7.11077880859375,9.033914566040039,7.586671829223633,8.310293197631836,8.380293197631836,True,False,90,8120,20.19368240299991,3927.77734375,meta_3/agent_2/attempt_2/results.json
meta_3,agent_2,attempt_2,IDM,exp(a*St_oneD1(SquareD1(St_oneP0(rho)))),[-37.11162586373098],7,7.052132606506348,8.49917984008789,7.775656223297119,6.8319172859191895,7.641998767852783,7.236958026885986,7.306958026885987,True,False,90,8121,249.60962695199942,3955.515625,meta_3/agent_2/attempt_2/results.json
meta_3,agent_2,attempt_2,Weidmann,exp(a*St_oneD1(SquareD1(St_oneP0(rho)))),[0.07123095298325319],7,8.326214790344238,6.1379218101501465,7.232068061828613,5.796899795532227,7.156355857849121,6.476627826690674,6.546627826690674,True,True,80,8122,17.16861327300012,3955.515625,meta_3/agent_2/attempt_2/results.json
meta_3,agent_2,attempt_2,Triangular,exp(a*St_oneD1(SquareD1(St_oneP0(rho)))),[-2.086540995895483],7,7.850097179412842,10.595211029052734,9.222654342651367,6.418391704559326,6.487387657165527,6.452889442443848,6.522889442443848,True,True,75,8123,17.60299412400036,3955.515625,meta_3/agent_2/attempt_2/results.json
meta_3,agent_2,attempt_2,Del Castillo,exp(a*St_oneD1(SquareD1(St_oneP0(rho)))),[-16.947165845593673],7,7.172241687774658,6.755861282348633,6.964051246643066,6.096465110778809,8.194214820861816,7.1453399658203125,7.215339965820313,True,False,90,8124,27.626237997000317,3980.61328125,meta_3/agent_2/attempt_2/results.json
meta_3,agent_2,attempt_3,Greenshields,exp(a*St_oneD1(St_oneP0(rho)) + b*St_oneD1(SquareD1(St_oneP0(rho)))),"[-0.059580521433863595, -3.543462131640437]",13,7.455503463745117,6.838492393493652,7.146997928619385,9.451165199279785,7.683293342590332,8.567229270935059,8.69722927093506,True,False,90,8130,25.48150719900059,4173.36328125,meta_3/agent_2/attempt_3/results.json
meta_3,agent_2,attempt_3,IDM,exp(a*St_oneD1(St_oneP0(rho)) + b*St_oneD1(SquareD1(St_oneP0(rho)))),"[-0.303880357700985, 13.715927706626726]",13,7.0191264152526855,7.513211250305176,7.266168594360352,6.788590431213379,7.888933181762695,7.338761806488037,7.468761806488037,True,False,90,8131,266.28840581199984,4197.73828125,meta_3/agent_2/attempt_3/results.json
meta_3,agent_2,attempt_3,Weidmann,exp(a*St_oneD1(St_oneP0(rho)) + b*St_oneD1(SquareD1(St_oneP0(rho)))),"[-0.00013055207945957947, 0.0]",13,8.327095985412598,6.138668060302734,7.232882022857666,5.796083450317383,7.1661787033081055,6.481131076812744,6.611131076812744,True,False,90,8132,14.646810979000293,4197.73828125,meta_3/agent_2/attempt_3/results.json
meta_3,agent_2,attempt_3,Triangular,exp(a*St_oneD1(St_oneP0(rho)) + b*St_oneD1(SquareD1(St_oneP0(rho)))),"[-0.19095051401324256, 0.0]",13,7.766304016113281,10.349213600158691,9.057758331298828,6.500089645385742,8.954265594482422,7.727177619934082,7.857177619934082,True,False,90,8133,15.326740072000575,4197.73828125,meta_3/agent_2/attempt_3/results.json
meta_3,agent_2,attempt_3,Del Castillo,exp(a*St_oneD1(St_oneP0(rho)) + b*St_oneD1(SquareD1(St_oneP0(rho)))),"[-0.0807311316153509, -5.426086687316016]",13,7.191931247711182,6.790541648864746,6.991236686706543,6.092255115509033,8.369377136230469,7.230815887451172,7.360815887451172,True,False,90,8134,19.012356733999695,4197.73828125,meta_3/agent_2/attempt_3/results.json
meta_3,agent_3,attempt_1,Greenshields,"(exp(0.0231229711605-0.0883173972597*rho-0.15008122102*rho^2))*exp(a*conv_3(rho,ones))",[1.5075252464280786],19,7.416123867034912,6.639183521270752,7.027653694152832,8.802770614624023,7.34430456161499,8.073537826538086,8.263537826538085,True,True,81,9110,28.34718823900039,1014.2421875,meta_3/agent_3/attempt_1/results.json
meta_3,agent_3,attempt_1,IDM,"(1)*exp(a*conv_3(rho,ones))",[-8.671805870313813],8,7.124813079833984,7.355252265930176,7.24003267288208,6.774086952209473,8.576705932617188,7.67539644241333,7.75539644241333,True,False,90,9111,207.55239380000057,3171.875,meta_3/agent_3/attempt_1/results.json
meta_3,agent_3,attempt_1,Weidmann,"(exp(0.136544052144*rho*(1-rho/0.80612097)))*exp(a*conv_3(rho,ones))",[-3.52708672429265],17,8.387807846069336,6.213935375213623,7.300871849060059,5.979669570922852,9.259739875793457,7.619704723358154,7.789704723358154,True,False,90,9112,23.141374007000195,3409.453125,meta_3/agent_3/attempt_1/results.json
meta_3,agent_3,attempt_1,Triangular,"(1)*exp(a*conv_3(rho,ones))",[-5.020002344191872],8,7.738992214202881,10.343769073486328,9.041380882263184,6.4359941482543945,8.949198722839355,7.692596435546875,7.772596435546875,True,False,90,9113,27.10985780700048,3658.828125,meta_3/agent_3/attempt_1/results.json
meta_3,agent_3,attempt_1,Del Castillo,"(exp(0.0054952026563))*exp(a*conv_3(rho,ones))",[-2.652630259854221],9,7.192472457885742,6.71705961227417,6.954766273498535,6.025274276733398,7.930384635925293,6.977829456329346,7.067829456329346,True,False,85,9114,29.352263478999703,3939.703125,meta_3/agent_3/attempt_1/results.json
meta_3,agent_3,attempt_2,Greenshields,"(exp(0.0231229711605-0.0883173972597*rho-0.15008122102*rho^2))*exp(a*(conv_3(rho,ones)-3*conv_1(rho,ones)))",[-293.4581091232274],25,7.518588066101074,5.150357723236084,6.33447265625,8.259530067443848,5.147935390472412,6.703732490539551,6.953732490539551,True,False,90,9120,37.03069101500023,4273.453125,meta_3/agent_3/attempt_2/results.json
meta_3,agent_3,attempt_2,IDM,"(1)*exp(a*(conv_3(rho,ones)-3*conv_1(rho,ones)))",[-46.991435975062515],14,6.994204521179199,9.536189079284668,8.265196800231934,5.524559497833252,5.029476642608643,5.277018070220947,5.417018070220947,True,False,90,9121,235.69610967900007,3332.9609375,meta_3/agent_3/attempt_2/results.json
meta_3,agent_3,attempt_2,Weidmann,"(exp(0.136544052144*rho*(1-rho/0.80612097)))*exp(a*(conv_3(rho,ones)-3*conv_1(rho,ones)))",[299.99930500858864],23,34.172210693359375,6453532.0,3226783.0,40.18006896972656,6233093.5,3116566.75,3116566.98,False,True,58,9122,6.3633264119998785,4320.328125,meta_3/agent_3/attempt_2/results.json
meta_3,agent_3,attempt_2,Triangular,"(1)*exp(a*(conv_3(rho,ones)-3*conv_1(rho,ones)))",[50.95367164883438],14,7.336185455322266,9.429837226867676,8.383010864257812,8.443943977355957,6.879674911499023,7.66180944442749,7.80180944442749,True,False,90,9123,40.518876491999436,4320.328125,meta_3/agent_3/attempt_2/results.json
meta_3,agent_3,attempt_2,Del Castillo,"(exp(0.0054952026563))*exp(a*(conv_3(rho,ones)-3*conv_1(rho,ones)))",[-259.3539644450301],15,7.317589282989502,5.478734016418457,6.398161888122559,7.040762424468994,4.451152801513672,5.745957374572754,5.895957374572754,True,False,90,9124,43.39516504099993,4322.25390625,meta_3/agent_3/attempt_2/results.json
meta_3,agent_3,attempt_3,Greenshields,"(exp(0.0231229711605-0.0883173972597*rho-0.15008122102*rho^2))*exp(a*conv_3(rho,ones)+b*(conv_3(rho,ones)-3*conv_1(rho,ones)))","[1.514433159856137, -294.099211932103]",31,7.569241046905518,5.017953872680664,6.293597221374512,9.023209571838379,4.936089038848877,6.979649543762207,7.289649543762207,True,False,90,9130,39.48057335300018,4433.828125,meta_3/agent_3/attempt_3/results.json
meta_3,agent_3,attempt_3,IDM,"(1)*exp(a*conv_3(rho,ones)+b*(conv_3(rho,ones)-3*conv_1(rho,ones)))","[-8.669316900116145, -99.00303342400188]",20,6.907927513122559,6.788634777069092,6.848280906677246,5.461517333984375,6.337881088256836,5.8996992111206055,6.099699211120606,True,False,90,9131,247.22070807900127,3364.0859375,meta_3/agent_3/attempt_3/results.json
meta_3,agent_3,attempt_3,Weidmann,"(exp(0.136544052144*rho*(1-rho/0.80612097)))*exp(a*conv_3(rho,ones)+b*(conv_3(rho,ones)-3*conv_1(rho,ones)))","[-3.5271236037406197, -30.01934285494201]",29,8.165185928344727,5.787604808807373,6.976395606994629,5.425265789031982,9.03237247467041,7.228818893432617,7.518818893432617,True,False,90,9132,30.460023987000568,4455.203125,meta_3/agent_3/attempt_3/results.json
meta_3,agent_3,attempt_3,Triangular,"(1)*exp(a*conv_3(rho,ones)+b*(conv_3(rho,ones)-3*conv_1(rho,ones)))","[-4.153758107385954, -79.43070770698333]",20,7.39614725112915,10.10550308227539,8.750824928283691,5.811676502227783,8.694822311401367,7.253249168395996,7.453249168395996,True,False,90,9133,31.81663576399933,4455.203125,meta_3/agent_3/attempt_3/results.json
meta_3,agent_3,attempt_3,Del Castillo,"(exp(0.0054952026563))*exp(a*conv_3(rho,ones)+b*(conv_3(rho,ones)-3*conv_1(rho,ones)))","[-2.1218116018455078, -256.86922950791177]",21,7.2379255294799805,5.490396976470947,6.364161491394043,6.115411281585693,4.9250311851501465,5.52022123336792,5.73022123336792,True,False,90,9134,35.014206881000064,4465.1640625,meta_3/agent_3/attempt_3/results.json
meta_4,agent_1,attempt_1,Greenshields,"(exp(0.0231229711605-0.0883173972597*rho-0.15008122102*rho^2)*exp(-293.4581091232274*(conv_3(rho,ones)-3*conv_1(rho,ones))))*exp(a*(conv_3(rho,ones)-2*conv_1(rho,ones)))",[8.20311571658725],38,7.6148529052734375,4.951677322387695,6.283265113830566,9.689939498901367,4.934184551239014,7.3120622634887695,7.692062263488769,True,True,90,10110,38.31645466400005,1172.33984375,meta_4/agent_1/attempt_1/results.json
meta_4,agent_1,attempt_1,IDM,"(exp(-46.991435975062515*(conv_3(rho,ones)-3*conv_1(rho,ones))))*exp(a*(conv_3(rho,ones)-2*conv_1(rho,ones)))",[-32.36973355925096],27,6.988836765289307,6.703239917755127,6.846038341522217,5.838327407836914,7.824235439300537,6.831281661987305,7.101281661987304,True,False,120,10111,336.8087375660016,3383.65234375,meta_4/agent_1/attempt_1/results.json
meta_4,agent_1,attempt_1,Weidmann,"(exp(0.136544052144*rho*(1-rho/0.80612097)))*exp(a*(conv_3(rho,ones)-2*conv_1(rho,ones)))",[-10.581189195192763],23,8.340456008911133,6.120104789733887,7.23028039932251,5.837512016296387,9.34292984008789,7.590220928192139,7.820220928192139,True,False,120,10112,40.87211473200114,3627.77734375,meta_4/agent_1/attempt_1/results.json
meta_4,agent_1,attempt_1,Triangular,"(1)*exp(a*(conv_3(rho,ones)-2*conv_1(rho,ones)))",[-16.06577648316028],14,7.675507068634033,10.336259841918945,9.00588321685791,6.33405065536499,9.170494079589844,7.752272605895996,7.892272605895996,True,True,101,10113,39.53558827699999,3942.14453125,meta_4/agent_1/attempt_1/results.json
meta_4,agent_1,attempt_1,Del Castillo,"(exp(0.0054952026563)*exp(-2.1218116018455078*conv_3(rho,ones)-256.86922950791177*(conv_3(rho,ones)-3*conv_1(rho,ones))))*exp(a*(conv_3(rho,ones)-2*conv_1(rho,ones)))",[0.1878953909476673],34,7.239892959594727,5.488348007202148,6.3641204833984375,6.13535737991333,4.903714656829834,5.519536018371582,5.859536018371582,True,True,71,10114,32.20877043700057,4224.51953125,meta_4/agent_1/attempt_1/results.json
meta_4,agent_1,attempt_2,Greenshields,"(exp(0.0231229711605-0.0883173972597*rho-0.15008122102*rho^2)*exp(-293.4581091232274*(conv_3(rho,ones)-3*conv_1(rho,ones))))*exp(a*(conv_3(rho,ones)-4*conv_1(rho,ones)))",[-8.189793376102683],38,7.615557670593262,4.951322555541992,6.283440113067627,9.63652229309082,4.879272937774658,7.25789737701416,7.63789737701416,True,True,90,10120,37.71902999699887,1185.328125,meta_4/agent_1/attempt_2/results.json
meta_4,agent_1,attempt_2,IDM,"(exp(-46.991435975062515*(conv_3(rho,ones)-3*conv_1(rho,ones))))*exp(a*(conv_3(rho,ones)-4*conv_1(rho,ones)))",[22.62634050991776],27,6.972139835357666,7.242715835571289,7.107427597045898,6.464760780334473,7.869470119476318,7.167115211486816,7.437115211486816,True,True,110,10121,307.5535633969994,3373.5546875,meta_4/agent_1/attempt_2/results.json
meta_4,agent_1,attempt_2,Weidmann,"(exp(0.136544052144*rho*(1-rho/0.80612097)))*exp(a*(conv_3(rho,ones)-4*conv_1(rho,ones)))",[10.581173625686262],23,8.377429008483887,6.301757335662842,7.339592933654785,6.189584732055664,8.961783409118652,7.575684070587158,7.805684070587159,True,False,120,10122,37.377508498999305,3582.0546875,meta_4/agent_1/attempt_2/results.json
meta_4,agent_1,attempt_2,Triangular,"(1)*exp(a*(conv_3(rho,ones)-4*conv_1(rho,ones)))",[21.02270100615926],14,7.407726287841797,9.876639366149902,8.642183303833008,6.678946495056152,9.68758773803711,8.183267593383789,8.32326759338379,True,False,120,10123,45.13610046999929,3955.5546875,meta_4/agent_1/attempt_2/results.json
meta_4,agent_1,attempt_2,Del Castillo,"(exp(0.0054952026563)*exp(-2.1218116018455078*conv_3(rho,ones)-256.86922950791177*(conv_3(rho,ones)-3*conv_1(rho,ones))))*exp(a*(conv_3(rho,ones)-4*conv_1(rho,ones)))",[-0.2035874720127977],34,7.240312576293945,5.487924098968506,6.364118576049805,6.140401363372803,4.899691581726074,5.520046234130859,5.860046234130859,True,True,73,10124,32.936501433998274,4251.8046875,meta_4/agent_1/attempt_2/results.json
meta_4,agent_1,attempt_3,Greenshields,"(exp(0.0231229711605-0.0883173972597*rho-0.15008122102*rho^2)*exp(-293.4581091232274*(conv_3(rho,ones)-3*conv_1(rho,ones))))*exp(a*(conv_3(rho,ones)-3*conv_1(rho,ones)))",[0.21696809550378648],38,7.518530368804932,5.150416851043701,6.334473609924316,8.258935928344727,5.148436546325684,6.703686237335205,7.083686237335205,True,True,66,10130,29.430325208000795,1059.3828125,meta_4/agent_1/attempt_3/results.json
meta_4,agent_1,attempt_3,IDM,"(exp(-46.991435975062515*(conv_3(rho,ones)-3*conv_1(rho,ones))))*exp(a*(conv_3(rho,ones)-3*conv_1(rho,ones)))",[-0.15469411416725928],27,6.994291305541992,9.536100387573242,8.265195846557617,5.52360725402832,5.027434825897217,5.275521278381348,5.545521278381347,True,True,82,10131,218.09880359699855,3347.28515625,meta_4/agent_1/attempt_3/results.json
meta_4,agent_1,attempt_3,Weidmann,"(exp(0.136544052144*rho*(1-rho/0.80612097)))*exp(a*(conv_3(rho,ones)-3*conv_1(rho,ones)))",[299.99930500858864],23,34.172210693359375,6453532.0,3226783.0,40.18006896972656,6233093.5,3116566.75,3116566.98,False,True,58,10132,5.87036385600004,3348.41015625,meta_4/agent_1/attempt_3/results.json
meta_4,agent_1,attempt_3,Triangular,"(1)*exp(a*(conv_3(rho,ones)-3*conv_1(rho,ones)))",[50.95367164883438],14,7.336185455322266,9.429837226867676,8.383010864257812,8.443943977355957,6.879674911499023,7.66180944442749,7.80180944442749,True,False,120,10133,47.2177312620006,3746.7265625,meta_4/agent_1/attempt_3/results.json
meta_4,agent_1,attempt_3,Del Castillo,"(exp(0.0054952026563)*exp(-2.1218116018455078*conv_3(rho,ones)-256.86922950791177*(conv_3(rho,ones)-3*conv_1(rho,ones))))*exp(a*(conv_3(rho,ones)-3*conv_1(rho,ones)))",[0.13363272688550937],34,7.23784065246582,5.490483283996582,6.364161968231201,6.114310264587402,4.925789833068848,5.520050048828125,5.860050048828125,True,True,83,10134,37.73907573500037,4138.9765625,meta_4/agent_1/attempt_3/results.json
meta_4,agent_2,attempt_1,Greenshields,(exp(0.0231229711605-0.0883173972597*rho-0.15008122102*rho^2)*exp(-293.458109123*(conv_3-3*conv_1)))*exp(a*hlin*(conv_3-3*conv_1)),[-102.80276833139872],42,7.468548774719238,5.151143550872803,6.309845924377441,8.231526374816895,5.10302734375,6.667276859283447,7.087276859283447,True,True,116,11110,66.90034596799887,1398.20703125,meta_4/agent_2/attempt_1/results.json
meta_4,agent_2,attempt_1,IDM,(exp(-46.9914359751*(conv_3-3*conv_1)))*exp(a*hlin*(conv_3-3*conv_1)),[-443.27041400752995],31,6.843101978302002,9.276692390441895,8.059897422790527,5.5259575843811035,4.4075117111206055,4.966734886169434,5.276734886169433,True,True,98,11111,292.6937081819997,3572.4296875,meta_4/agent_2/attempt_1/results.json
meta_4,agent_2,attempt_1,Weidmann,(exp(0.136544052144*rho*(1-rho/0.80612097)))*exp(a*hlin*(conv_3-3*conv_1)),[999.998942143243],27,34.823795318603516,inf,inf,40.237060546875,8.132727306599851e+35,4.066363653299926e+35,4.066363653299926e+35,False,True,62,11112,8.044584717999896,3578.0546875,meta_4/agent_2/attempt_1/results.json
meta_4,agent_2,attempt_1,Triangular,(1)*exp(a*hlin*(conv_3-3*conv_1)),[190.7181361088543],18,7.387575626373291,9.39383316040039,8.390704154968262,8.8701753616333,7.045198917388916,7.9576873779296875,8.137687377929687,True,True,87,11113,40.20159421800054,3723.1796875,meta_4/agent_2/attempt_1/results.json
meta_4,agent_2,attempt_1,Del Castillo,(exp(0.0054952026563)*exp(-2.12181160185*conv_3-256.869229508*(conv_3-3*conv_1)))*exp(a*hlin*(conv_3-3*conv_1)),[-181.07379413587086],38,7.17388916015625,5.4506120681762695,6.31225061416626,6.384772300720215,4.740940570831299,5.562856674194336,5.942856674194336,True,True,114,11114,74.70706070000051,4319.4296875,meta_4/agent_2/attempt_1/results.json
meta_4,agent_2,attempt_2,Greenshields,(exp(0.0231229711605-0.0883173972597*rho-0.15008122102*rho^2)*exp(-293.458109123*(conv_3-3*conv_1)))*exp(a*hquad*(conv_3-3*conv_1)),[-30813.75332479073],43,7.406339645385742,5.160737991333008,6.283538818359375,8.138716697692871,5.112602710723877,6.625659942626953,7.055659942626953,True,False,120,11120,69.03142786200078,1440.2421875,meta_4/agent_2/attempt_2/results.json
meta_4,agent_2,attempt_2,IDM,(exp(-46.9914359751*(conv_3-3*conv_1)))*exp(a*hquad*(conv_3-3*conv_1)),[-119537.38834933033],32,6.585181713104248,8.773268699645996,7.679224967956543,5.279587268829346,4.1779022216796875,4.7287445068359375,5.048744506835938,True,False,120,11121,352.9431382389994,3582.875,meta_4/agent_2/attempt_2/results.json
meta_4,agent_2,attempt_2,Weidmann,(exp(0.136544052144*rho*(1-rho/0.80612097)))*exp(a*hquad*(conv_3-3*conv_1)),[999999.9784747247],28,4934147.0,inf,inf,4796891.5,inf,inf,inf,False,True,77,11122,7.5682626939997135,3585.125,meta_4/agent_2/attempt_2/results.json
meta_4,agent_2,attempt_2,Triangular,(1)*exp(a*hquad*(conv_3-3*conv_1)),[53932.07703011811],19,7.443946361541748,9.430356979370117,8.437151908874512,9.137575149536133,7.136756896972656,8.137166023254395,8.327166023254394,True,False,120,11123,52.8591749870011,3853.625,meta_4/agent_2/attempt_2/results.json
meta_4,agent_2,attempt_2,Del Castillo,(exp(0.0054952026563)*exp(-2.12181160185*conv_3-256.869229508*(conv_3-3*conv_1)))*exp(a*hquad*(conv_3-3*conv_1)),[-54288.21370371086],39,7.073240756988525,5.4368133544921875,6.255026817321777,6.2623467445373535,4.789386749267578,5.525866508483887,5.915866508483886,True,False,120,11124,72.80913691400019,4481.75,meta_4/agent_2/attempt_2/results.json
meta_4,agent_2,attempt_3,Greenshields,(exp(0.0231229711605-0.0883173972597*rho-0.15008122102*rho^2)*exp(-293.458109123*(conv_3-3*conv_1)))*exp(a*(conv_3-3*conv_1)+b*hquad),"[-6.362556798102317, 26.72142448785925]",45,7.696021556854248,4.853293418884277,6.274657249450684,10.712699890136719,5.068593502044678,7.890646934509277,8.340646934509277,True,False,119,11130,56.99047544299901,1263.69140625,meta_4/agent_2/attempt_3/results.json
meta_4,agent_2,attempt_3,IDM,(exp(-46.9914359751*(conv_3-3*conv_1)))*exp(a*(conv_3-3*conv_1)+b*hquad),"[0.09895592914925624, -45.27079702626104]",34,6.891513824462891,7.958030700683594,7.424772262573242,6.130311012268066,6.950235843658447,6.540273666381836,6.880273666381836,True,False,119,11131,308.87111289899985,3487.28515625,meta_4/agent_2/attempt_3/results.json
meta_4,agent_2,attempt_3,Weidmann,(exp(0.136544052144*rho*(1-rho/0.80612097)))*exp(a*(conv_3-3*conv_1)+b*hquad),"[-299.999140435022, -1757.4346014357557]",30,13.280428886413574,58.13477325439453,35.70759963989258,5.911702632904053,84.69588470458984,45.303794860839844,45.60379486083984,True,False,120,11132,23.14152207799998,3517.66015625,meta_4/agent_2/attempt_3/results.json
meta_4,agent_2,attempt_3,Triangular,(1)*exp(a*(conv_3-3*conv_1)+b*hquad),"[50.98755103014757, -3.3285821466443277]",21,7.316833972930908,9.430723190307617,8.373778343200684,7.997720241546631,6.672584056854248,7.3351521492004395,7.545152149200439,True,False,120,11133,46.40673716499987,3816.91015625,meta_4/agent_2/attempt_3/results.json
meta_4,agent_2,attempt_3,Del Castillo,(exp(0.0054952026563)*exp(-2.12181160185*conv_3-256.869229508*(conv_3-3*conv_1)))*exp(a*(conv_3-3*conv_1)+b*hquad),"[-0.2062989687198307, 3.0029098797322407]",41,7.259736061096191,5.466440677642822,6.363088607788086,6.325887203216553,4.784228801727295,5.555058002471924,5.965058002471924,True,True,88,11134,38.791814558000624,4110.91015625,meta_4/agent_2/attempt_3/results.json
meta_4,agent_3,attempt_1,Greenshields,"(exp(0.0231229711605-0.0883173972597*rho-0.15008122102*rho^2)*exp(-293.458109123*(conv_3(rho,ones)-3*conv_1(rho,ones))))*exp(a*SqrtP0(rho))",[0.05848173354305558],31,7.568363189697266,5.00343656539917,6.285900115966797,8.997259140014648,4.8026275634765625,6.8999433517456055,7.209943351745605,True,True,56,12110,20.434803035001096,952.8671875,meta_4/agent_3/attempt_1/results.json
meta_4,agent_3,attempt_1,IDM,"(exp(-46.9914359751*(conv_3(rho,ones)-3*conv_1(rho,ones))))*exp(a*SqrtP0(rho))",[-0.29113448622955235],20,6.964084148406982,6.071343421936035,6.51771354675293,6.079375267028809,8.883238792419434,7.481307029724121,7.681307029724121,True,False,86,12111,228.60142913100026,3312.2734375,meta_4/agent_3/attempt_1/results.json
meta_4,agent_3,attempt_1,Weidmann,(exp(0.136544052144*rho*(1-rho/0.80612097)))*exp(a*SqrtP0(rho)),[-0.03384904439759151],16,8.271722793579102,6.150652885437012,7.211187839508057,5.823792934417725,7.025075435638428,6.424434185028076,6.584434185028076,True,False,104,12112,19.17320918400037,3478.0234375,meta_4/agent_3/attempt_1/results.json
meta_4,agent_3,attempt_1,Triangular,(1)*exp(a*SqrtP0(rho)),[-0.1464189333601263],7,7.741199016571045,10.041153907775879,8.891176223754883,6.48466682434082,9.158576011657715,7.821621417999268,7.891621417999268,True,True,83,12113,18.895068613999683,3693.6484375,meta_4/agent_3/attempt_1/results.json
meta_4,agent_3,attempt_1,Del Castillo,"(exp(0.0054952026563)*exp(-2.12181160185*conv_3(rho,ones)-256.869229508*(conv_3(rho,ones)-3*conv_1(rho,ones))))*exp(a*SqrtP0(rho))",[-0.002141597792216699],27,7.236515522003174,5.491701126098633,6.364108085632324,6.098006725311279,4.954266548156738,5.52613639831543,5.796136398315429,True,True,51,12114,19.886105756999314,3883.0234375,meta_4/agent_3/attempt_1/results.json
meta_4,agent_3,attempt_2,Greenshields,"(exp(0.0231229711605-0.0883173972597*rho-0.15008122102*rho^2)*exp(-293.458109123*(conv_3(rho,ones)-3*conv_1(rho,ones))))*exp(a*SqrtP0(rho)+b*rho)","[-0.06577808748212499, 0.21827379316180012]",35,7.666165351867676,4.897527694702148,6.281846523284912,10.367278099060059,5.036567211151123,7.701922416687012,8.051922416687011,True,True,100,12120,42.57983274599974,1183.828125,meta_4/agent_3/attempt_2/results.json
meta_4,agent_3,attempt_2,IDM,"(exp(-46.9914359751*(conv_3(rho,ones)-3*conv_1(rho,ones))))*exp(a*SqrtP0(rho)+b*rho)","[-0.33165621838859927, 0.10182509595228065]",24,6.943655967712402,5.975074291229248,6.459364891052246,5.944985866546631,8.182259559631348,7.06362247467041,7.30362247467041,True,False,100,12121,265.27553002400055,3364.9453125,meta_4/agent_3/attempt_2/results.json
meta_4,agent_3,attempt_2,Weidmann,(exp(0.136544052144*rho*(1-rho/0.80612097)))*exp(a*SqrtP0(rho)+b*rho),"[-0.03443763444572437, 0.0012437919881346537]",20,8.270763397216797,6.149540901184082,7.2101521492004395,5.825032711029053,7.016443729400635,6.420738220214844,6.620738220214844,True,False,99,12122,14.130763944000137,3399.0703125,meta_4/agent_3/attempt_2/results.json
meta_4,agent_3,attempt_2,Triangular,(1)*exp(a*SqrtP0(rho)+b*rho),"[-0.19254132865348464, 0.06052141686474388]",11,7.732717990875244,9.963213920593262,8.847966194152832,6.490715026855469,9.227746963500977,7.859230995178223,7.969230995178223,True,False,99,12123,14.39475631499954,3505.1484375,meta_4/agent_3/attempt_2/results.json
meta_4,agent_3,attempt_2,Del Castillo,"(exp(0.0054952026563)*exp(-2.12181160185*conv_3(rho,ones)-256.869229508*(conv_3(rho,ones)-3*conv_1(rho,ones))))*exp(a*SqrtP0(rho)+b*rho)","[-0.0021388610545458866, 0.006610388422029211]",31,7.242300033569336,5.485480308532715,6.363890171051025,6.157804012298584,4.891836643218994,5.524820327758789,5.834820327758789,True,True,71,12124,23.762406522000674,3685.8984375,meta_4/agent_3/attempt_2/results.json
meta_4,agent_3,attempt_3,Greenshields,"(exp(0.0231229711605-0.0883173972597*rho-0.15008122102*rho^2)*exp(-293.458109123*(conv_3(rho,ones)-3*conv_1(rho,ones))))*exp(a*SqrtP0(rho)+b*rho^2)","[0.050415644112655214, 0.08354968132285606]",37,7.606707572937012,4.959420680999756,6.283063888549805,9.533123970031738,4.86002779006958,7.196576118469238,7.566576118469238,True,True,89,12130,31.92099301000053,1031.43359375,meta_4/agent_3/attempt_3/results.json
meta_4,agent_3,attempt_3,IDM,"(exp(-46.9914359751*(conv_3(rho,ones)-3*conv_1(rho,ones))))*exp(a*SqrtP0(rho)+b*rho^2)","[-0.35546537674934076, 0.32353124886675]",26,7.004909992218018,5.766846179962158,6.385878086090088,5.752971649169922,7.752353191375732,6.752662658691406,7.012662658691406,True,False,100,12131,264.7227689350002,3312.85546875,meta_4/agent_3/attempt_3/results.json
meta_4,agent_3,attempt_3,Weidmann,(exp(0.136544052144*rho*(1-rho/0.80612097)))*exp(a*SqrtP0(rho)+b*rho^2),"[-0.3770427067274553, 1.5071340310369505]",22,7.44714879989624,5.397536754608154,6.422342777252197,14.499781608581543,8.329763412475586,11.414772033691406,11.634772033691407,True,False,120,12132,28.368202779000057,3498.10546875,meta_4/agent_3/attempt_3/results.json
meta_4,agent_3,attempt_3,Triangular,(1)*exp(a*SqrtP0(rho)+b*rho^2),"[-0.2865864788053083, 0.605542579562077]",13,7.8384599685668945,9.442584991455078,8.640522003173828,7.111138820648193,8.056026458740234,7.583582878112793,7.713582878112793,True,False,101,12133,18.060592153999096,3699.10546875,meta_4/agent_3/attempt_3/results.json
meta_4,agent_3,attempt_3,Del Castillo,"(exp(0.0054952026563)*exp(-2.12181160185*conv_3(rho,ones)-256.869229508*(conv_3(rho,ones)-3*conv_1(rho,ones))))*exp(a*SqrtP0(rho)+b*rho^2)","[-0.0021388610545458866, 0.04694894837178066]",33,7.263279438018799,5.461671352386475,6.362475395202637,6.356644153594971,4.780970573425293,5.568807601928711,5.898807601928711,True,True,85,12134,34.510387539001385,4017.85546875,meta_4/agent_3/attempt_3/results.json
meta_5,agent_1,attempt_1,Greenshields,"(exp(0.0231229711605-0.0883173972597*rho-0.15008122102*rho^2)*exp(-293.4581091232274*(conv_3(rho,ones)-3*conv_1(rho,ones))))*exp(a*(conv_3(rho,ones)-3*conv_1(rho,ones))^2)",[15665.90250100963],39,7.506215572357178,5.123817443847656,6.315016746520996,8.301753997802734,5.12548828125,6.713621139526367,7.103621139526367,True,False,120,12110,53.01305654600037,1334.1171875,meta_5/agent_1/attempt_1/results.json
meta_5,agent_1,attempt_1,IDM,"(exp(-46.991435975062515*(conv_3(rho,ones)-3*conv_1(rho,ones)))*exp(-119537.38834933033*hquad(rho)*(conv_3(rho,ones)-3*conv_1(rho,ones))))*exp(a*(conv_3(rho,ones)-3*conv_1(rho,ones))^2)",[-5623.601642144346],46,6.594120025634766,8.757157325744629,7.675638675689697,5.280914306640625,4.175968170166016,4.72844123840332,5.18844123840332,True,True,66,12111,193.30206007000015,3515.390625,meta_5/agent_1/attempt_1/results.json
meta_5,agent_1,attempt_1,Weidmann,"(exp(0.1365440521436772*rho*(1-rho/0.80612097)))*exp(a*(conv_3(rho,ones)-3*conv_1(rho,ones))^2)",[19999.999024695055],24,8.016014099121094,7.459433078765869,7.737723350524902,5.940094470977783,6.001433372497559,5.97076416015625,6.21076416015625,False,True,73,12112,8.704788918999839,3518.38671875,meta_5/agent_1/attempt_1/results.json
meta_5,agent_1,attempt_1,Triangular,"(1)*exp(a*(conv_3(rho,ones)-3*conv_1(rho,ones))^2)",[-19845.25562927318],15,7.211318016052246,9.90556812286377,8.558443069458008,5.998992443084717,6.552504062652588,6.275748252868652,6.425748252868653,True,False,120,12113,51.90678606200163,3838.26171875,meta_5/agent_1/attempt_1/results.json
meta_5,agent_1,attempt_1,Del Castillo,"(exp(0.0054952026563039776)*exp(-2.1218116018455078*conv_3(rho,ones)-256.86922950791177*(conv_3(rho,ones)-3*conv_1(rho,ones))))*exp(a*(conv_3(rho,ones)-3*conv_1(rho,ones))^2)",[19984.007283702493],35,7.222084045410156,5.442623615264893,6.332353591918945,6.155076026916504,4.861578941345215,5.508327484130859,5.858327484130859,True,False,120,12114,56.51728022300085,4392.51171875,meta_5/agent_1/attempt_1/results.json
meta_5,agent_1,attempt_2,Greenshields,"(exp(0.0231229711605-0.0883173972597*rho-0.15008122102*rho^2)*exp(-293.4581091232274*(conv_3(rho,ones)-3*conv_1(rho,ones))))*exp(a*(conv_3(rho,ones)-3*conv_1(rho,ones))+b*(conv_3(rho,ones)-3*conv_1(rho,ones))^2)","[1.2997819644921265, 16417.284389568274]",51,7.50518274307251,5.1226654052734375,6.3139238357543945,8.301179885864258,5.127315521240234,6.714247703552246,7.224247703552246,True,False,120,12120,50.520244011000614,1349.1953125,meta_5/agent_1/attempt_2/results.json
meta_5,agent_1,attempt_2,IDM,"(exp(-46.991435975062515*(conv_3(rho,ones)-3*conv_1(rho,ones)))*exp(-119537.38834933033*hquad(rho)*(conv_3(rho,ones)-3*conv_1(rho,ones))))*exp(a*(conv_3(rho,ones)-3*conv_1(rho,ones))+b*(conv_3(rho,ones)-3*conv_1(rho,ones))^2)","[82.42163418589632, -12687.603943561266]",58,6.461137294769287,8.483036994934082,7.4720869064331055,5.073221683502197,4.3630475997924805,4.718134880065918,5.298134880065918,True,False,120,12121,352.41280606799955,3523.00390625,meta_5/agent_1/attempt_2/results.json
meta_5,agent_1,attempt_2,Weidmann,"(exp(0.1365440521436772*rho*(1-rho/0.80612097)))*exp(a*(conv_3(rho,ones)-3*conv_1(rho,ones))+b*(conv_3(rho,ones)-3*conv_1(rho,ones))^2)","[299.99930500858864, 0.0]",36,34.172210693359375,6453532.0,3226783.0,40.18006896972656,6233093.5,3116566.75,3116567.11,False,False,120,12122,13.130922448999627,3524.12890625,meta_5/agent_1/attempt_2/results.json
meta_5,agent_1,attempt_2,Triangular,"(1)*exp(a*(conv_3(rho,ones)-3*conv_1(rho,ones))+b*(conv_3(rho,ones)-3*conv_1(rho,ones))^2)","[-207.79427807571818, 14690.289133664055]",27,7.041351318359375,9.262589454650879,8.151969909667969,5.33704137802124,4.940440654754639,5.1387410163879395,5.408741016387939,True,False,120,12123,50.55043168100019,3849.62890625,meta_5/agent_1/attempt_2/results.json
meta_5,agent_1,attempt_2,Del Castillo,"(exp(0.0054952026563039776)*exp(-2.1218116018455078*conv_3(rho,ones)-256.86922950791177*(conv_3(rho,ones)-3*conv_1(rho,ones))))*exp(a*(conv_3(rho,ones)-3*conv_1(rho,ones))+b*(conv_3(rho,ones)-3*conv_1(rho,ones))^2)","[-0.2062989687198307, 19997.857244834096]",47,7.222209453582764,5.442559242248535,6.33238410949707,6.156637668609619,4.860574722290039,5.50860595703125,5.97860595703125,True,False,120,12124,59.012522920000265,4406.50390625,meta_5/agent_1/attempt_2/results.json
meta_5,agent_1,attempt_3,Greenshields,"(exp(0.0231229711605-0.0883173972597*rho-0.15008122102*rho^2)*exp(-293.4581091232274*(conv_3(rho,ones)-3*conv_1(rho,ones))))*exp(a*(conv_3(rho,ones)-3*conv_1(rho,ones))^3)",[999489.5344293254],49,7.5186076164245605,5.146430015563965,6.332518577575684,8.270280838012695,5.1493425369262695,6.709811687469482,7.199811687469483,True,True,82,12130,36.634172359999866,1156.3125,meta_5/agent_1/attempt_3/results.json
meta_5,agent_1,attempt_3,IDM,"(exp(-46.991435975062515*(conv_3(rho,ones)-3*conv_1(rho,ones)))*exp(-119537.38834933033*hquad(rho)*(conv_3(rho,ones)-3*conv_1(rho,ones))))*exp(a*(conv_3(rho,ones)-3*conv_1(rho,ones))^3)",[0.0],56,6.585181713104248,8.773268699645996,7.679224967956543,5.279587268829346,4.1779022216796875,4.7287445068359375,5.288744506835938,True,False,69,12131,195.79412197400052,3485.44140625,meta_5/agent_1/attempt_3/results.json
meta_5,agent_1,attempt_3,Weidmann,"(exp(0.1365440521436772*rho*(1-rho/0.80612097)))*exp(a*(conv_3(rho,ones)-3*conv_1(rho,ones))^3)",[999999.9784747247],34,8.178327560424805,6.425849914550781,7.302088737487793,5.959136486053467,6.5241379737854,6.241637229919434,6.5816372299194335,False,True,77,12132,9.173109261000718,3487.69140625,meta_5/agent_1/attempt_3/results.json
meta_5,agent_1,attempt_3,Triangular,"(1)*exp(a*(conv_3(rho,ones)-3*conv_1(rho,ones))^3)",[999200.3798747436],25,7.7088422775268555,10.495633125305176,9.102237701416016,6.533462047576904,6.4208083152771,6.477135181427002,6.727135181427002,True,False,120,12133,49.502878594999856,3839.44140625,meta_5/agent_1/attempt_3/results.json
meta_5,agent_1,attempt_3,Del Castillo,"(exp(0.0054952026563039776)*exp(-2.1218116018455078*conv_3(rho,ones)-256.86922950791177*(conv_3(rho,ones)-3*conv_1(rho,ones))))*exp(a*(conv_3(rho,ones)-3*conv_1(rho,ones))^3)",[999775.6310353401],45,7.238368034362793,5.486335277557373,6.362351417541504,6.128077507019043,4.924322128295898,5.526199817657471,5.976199817657471,True,True,74,12134,36.04305970200039,4184.81640625,meta_5/agent_1/attempt_3/results.json
meta_5,agent_2,attempt_1,Greenshields,(exp(0.0231229711605-0.0883173972597*rho-0.15008122102*rho^2)*exp(-293.458109123*C))*exp(a*rho*C),[1119.626207527434],40,7.41497278213501,5.893703937530518,6.654338359832764,9.643871307373047,6.75090217590332,8.197386741638184,8.597386741638184,True,True,84,13110,45.46619865699904,1198.1875,meta_5/agent_2/attempt_1/results.json
meta_5,agent_2,attempt_1,IDM,(exp(-46.9914359751*C)*exp(-119537.388349*hquad*C))*exp(a*rho*C),[124.39527097049175],47,6.586385250091553,8.744512557983398,7.665449142456055,5.153134346008301,4.176085948944092,4.664609909057617,5.134609909057617,True,True,89,13111,261.25067108299845,3478.1484375,meta_5/agent_2/attempt_1/results.json
meta_5,agent_2,attempt_1,Weidmann,(exp(0.136544052144*rho*(1-rho/0.80612097)))*exp(a*rho*C),[2999.9987681813864],25,6568.0048828125,inf,inf,6397.43359375,inf,inf,inf,False,True,66,13112,7.759846839999227,3480.0234375,meta_5/agent_2/attempt_1/results.json
meta_5,agent_2,attempt_1,Triangular,(1)*exp(a*rho*C),[-921.9701997917449],16,6.890831470489502,9.039265632629395,7.965048789978027,5.2168145179748535,4.918201923370361,5.067508220672607,5.227508220672608,True,False,120,13113,49.200736101000075,3824.69921875,meta_5/agent_2/attempt_1/results.json
meta_5,agent_2,attempt_1,Del Castillo,(exp(0.0054952026563)*exp(-2.12181160185*conv_3-256.869229508*C))*exp(a*rho*C),[994.5579335049955],36,7.320285797119141,6.122614860534668,6.721450328826904,7.091896057128906,6.102926731109619,6.597411155700684,6.957411155700684,True,True,75,13114,45.4114295039999,4215.82421875,meta_5/agent_2/attempt_1/results.json
meta_5,agent_2,attempt_2,Greenshields,(exp(0.0231229711605-0.0883173972597*rho-0.15008122102*rho^2)*exp(-293.458109123*C))*exp(a*rho^2*C),[-390.1454982584983],41,7.406329154968262,5.1607489585876465,6.283538818359375,8.13868236541748,5.11259651184082,6.62563943862915,7.0356394386291505,True,False,120,13120,65.54581739400055,1422.8359375,meta_5/agent_2/attempt_2/results.json
meta_5,agent_2,attempt_2,IDM,(exp(-46.9914359751*C)*exp(-119537.388349*hquad*C))*exp(a*rho^2*C),[0.0003736235816751834],48,6.585187911987305,8.773273468017578,7.679230690002441,5.279587268829346,4.177901268005371,4.7287445068359375,5.208744506835938,True,True,99,13121,287.92959145200075,3608.6015625,meta_5/agent_2/attempt_2/results.json
meta_5,agent_2,attempt_2,Weidmann,(exp(0.136544052144*rho*(1-rho/0.80612097)))*exp(a*rho^2*C),[14999.998546035355],26,68.0689468383789,389906526371840.0,194953263185920.0,72.22697448730469,376427274829824.0,188213637414912.0,188213637414912.25,False,True,72,13122,6.149291634999827,3613.4765625,meta_5/agent_2/attempt_2/results.json
meta_5,agent_2,attempt_2,Triangular,(1)*exp(a*rho^2*C),[14999.998546035355],17,73.30120849609375,7.574216058182042e+17,3.787108029091021e+17,77.23565673828125,7.312372174390559e+17,3.6561860871952794e+17,3.6561860871952794e+17,False,True,72,13123,8.967425954000646,3616.1015625,meta_5/agent_2/attempt_2/results.json
meta_5,agent_2,attempt_2,Del Castillo,(exp(0.0054952026563)*exp(-2.12181160185*conv_3-256.869229508*C))*exp(a*rho^2*C),[4497.764818563267],37,7.245275020599365,5.9084672927856445,6.576870918273926,nan,nan,nan,nan,False,True,82,13124,52.52145736000057,3859.1015625,meta_5/agent_2/attempt_2/results.json
meta_5,agent_2,attempt_3,Greenshields,(exp(0.0231229711605-0.0883173972597*rho-0.15008122102*rho^2)*exp(-293.458109123*C))*exp(a*rho*C+b*rho^2*C),"[1119.680194210645, 0.0]",55,7.414943695068359,5.893732070922852,6.6543378829956055,9.644303321838379,6.750977039337158,8.197640419006348,8.747640419006348,True,False,120,13130,79.0633164360006,1489.9140625,meta_5/agent_2/attempt_3/results.json
meta_5,agent_2,attempt_3,IDM,(exp(-46.9914359751*C)*exp(-119537.388349*hquad*C))*exp(a*rho*C+b*rho^2*C),"[124.09560413807021, 0.0]",62,6.586371421813965,8.744528770446777,7.665450096130371,5.153337478637695,4.175947189331055,4.664642333984375,5.284642333984375,True,False,120,13131,317.2065058699991,3688.3515625,meta_5/agent_2/attempt_3/results.json
meta_5,agent_2,attempt_3,Weidmann,(exp(0.136544052144*rho*(1-rho/0.80612097)))*exp(a*rho*C+b*rho^2*C),"[2999.9987681813864, 0.0]",40,6568.0068359375,inf,inf,6397.435546875,inf,inf,inf,False,False,120,13132,18.584318885999892,3696.2265625,meta_5/agent_2/attempt_3/results.json
meta_5,agent_2,attempt_3,Triangular,(1)*exp(a*rho*C+b*rho^2*C),"[1887.817768458217, -6170.114357654209]",31,6.70695161819458,8.751341819763184,7.729146957397461,6.410836696624756,7.950436115264893,7.180636405944824,7.490636405944824,True,False,120,13133,60.393465483999535,3775.3515625,meta_5/agent_2/attempt_3/results.json
meta_5,agent_2,attempt_3,Del Castillo,(exp(0.0054952026563)*exp(-2.12181160185*conv_3-256.869229508*C))*exp(a*rho*C+b*rho^2*C),"[994.4396655212295, 0.0]",51,7.320291519165039,6.1226067543029785,6.72144889831543,7.090785503387451,6.102779865264893,6.596782684326172,7.106782684326172,True,False,120,13134,59.669168517999424,4087.7265625,meta_5/agent_2/attempt_3/results.json
meta_5,agent_3,attempt_1,Greenshields,(exp(0.0231229711605-0.0883173972597*rho-0.15008122102*rho^2)*exp(-293.458109123*C))*exp(a*C+b*hquad*C),"[48.623086128137665, -42852.50608648612]",55,7.333546161651611,5.176506042480469,6.255025863647461,7.958491325378418,5.195993900299072,6.577242851257324,7.127242851257324,True,False,120,13110,69.02548153800126,1439.51171875,meta_5/agent_3/attempt_1/results.json
meta_5,agent_3,attempt_1,IDM,(exp(-46.9914359751*C)*exp(-119537.388349*hquad*C))*exp(a*C+b*hquad*C),"[86.08646158413092, -29600.21354225229]",62,6.36553955078125,8.445822715759277,7.405681133270264,5.041476726531982,4.2273712158203125,4.634424209594727,5.254424209594727,True,False,100,13111,254.7277562399995,3633.91796875,meta_5/agent_3/attempt_1/results.json
meta_5,agent_3,attempt_1,Weidmann,(exp(0.136544052144*rho*(1-rho/0.80612097)))*exp(a*C+b*hquad*C),"[0.0, 0.0]",40,8.205365180969238,6.206140518188477,7.205752849578857,5.923584938049316,6.521000385284424,6.222292900085449,6.62229290008545,False,False,82,13112,9.812245032999272,623.39453125,meta_5/agent_3/attempt_1/results.json
meta_5,agent_3,attempt_1,Triangular,(1)*exp(a*C+b*hquad*C),"[50.998608968497116, 0.0]",31,7.336159706115723,9.429861068725586,8.383010864257812,8.445927619934082,6.881436824798584,7.663681983947754,7.9736819839477535,True,True,82,13113,23.911859710999124,914.1015625,meta_5/agent_3/attempt_1/results.json
meta_5,agent_3,attempt_1,Del Castillo,"(exp(0.0054952026563)*exp(-2.12181160185*conv_3(rho,ones)-256.869229508*C))*exp(a*C+b*hquad*C)","[71.1407336148754, -54261.81512912646]",51,6.994306564331055,5.470668315887451,6.232487678527832,5.7139201164245605,5.167340278625488,5.440629959106445,5.950629959106445,True,False,100,13114,56.23517253299906,3852.54296875,meta_5/agent_3/attempt_1/results.json
meta_5,agent_3,attempt_2,Greenshields,(exp(0.0231229711605-0.0883173972597*rho-0.15008122102*rho^2)*exp(-293.458109123*C))*exp(a*hlin*C+b*hquad*C),"[-102.84107276707593, -200.00000296656822]",59,7.468164443969727,5.151347637176514,6.309756278991699,8.23075008392334,5.102823257446289,6.6667866706848145,7.256786670684814,True,False,120,13120,73.05677560699951,1465.2890625,meta_5/agent_3/attempt_2/results.json
meta_5,agent_3,attempt_2,IDM,(exp(-46.9914359751*C)*exp(-119537.388349*hquad*C))*exp(a*hlin*C+b*hquad*C),"[246.9610852361208, -44303.48810411892]",66,6.492271900177002,8.574686050415039,7.533478736877441,5.125804901123047,4.122958660125732,4.624382019042969,5.284382019042969,True,False,120,13121,305.0954845420001,3672.56640625,meta_5/agent_3/attempt_2/results.json
meta_5,agent_3,attempt_2,Weidmann,(exp(0.136544052144*rho*(1-rho/0.80612097)))*exp(a*hlin*C+b*hquad*C),"[0.0, 0.0]",44,8.205365180969238,6.206140518188477,7.205752849578857,5.923584938049316,6.521000385284424,6.222292900085449,6.66229290008545,False,False,82,13122,8.287497932000406,3672.56640625,meta_5/agent_3/attempt_2/results.json
meta_5,agent_3,attempt_2,Triangular,(1)*exp(a*hlin*C+b*hquad*C),"[1598.5143314220707, -382259.7217189956]",35,6.846573829650879,8.575584411621094,7.711079120635986,6.805104732513428,7.1124420166015625,6.958773612976074,7.308773612976074,True,False,120,13123,49.29854916699878,3814.69140625,meta_5/agent_3/attempt_2/results.json
meta_5,agent_3,attempt_2,Del Castillo,"(exp(0.0054952026563)*exp(-2.12181160185*conv_3(rho,ones)-256.869229508*C))*exp(a*hlin*C+b*hquad*C)","[1999.6410937066646, -452328.81460844004]",55,6.390988826751709,5.714112758636475,6.052550792694092,nan,nan,nan,nan,False,False,120,13124,60.85833405100129,4364.44140625,meta_5/agent_3/attempt_2/results.json
meta_5,agent_3,attempt_3,Greenshields,(exp(0.0231229711605-0.0883173972597*rho-0.15008122102*rho^2)*exp(-293.458109123*C))*exp(a*(79*hquad-rho^2)*C),[0.0],48,7.518588066101074,5.150357723236084,6.33447265625,8.259530067443848,5.147935390472412,6.703732490539551,7.183732490539551,True,True,44,13130,5.949449902000197,666.38671875,meta_5/agent_3/attempt_3/results.json
meta_5,agent_3,attempt_3,IDM,(exp(-46.9914359751*C)*exp(-119537.388349*hquad*C))*exp(a*(79*hquad-rho^2)*C),[0.0],55,6.585181713104248,8.773268699645996,7.679224967956543,5.279587268829346,4.1779022216796875,4.7287445068359375,5.278744506835937,True,True,44,13131,36.90586058400004,1479.37109375,meta_5/agent_3/attempt_3/results.json
meta_5,agent_3,attempt_3,Weidmann,(exp(0.136544052144*rho*(1-rho/0.80612097)))*exp(a*(79*hquad-rho^2)*C),[0.0],33,8.205365180969238,6.206140518188477,7.205752849578857,5.923584938049316,6.521000385284424,6.222292900085449,6.552292900085449,False,False,44,13132,2.161365055000715,1538.09765625,meta_5/agent_3/attempt_3/results.json
meta_5,agent_3,attempt_3,Triangular,(1)*exp(a*(79*hquad-rho^2)*C),[0.0],24,7.853766441345215,10.593001365661621,9.223383903503418,6.485486030578613,6.409491539001465,6.447488784790039,6.687488784790039,True,True,44,13133,3.3748970449996705,1572.875,meta_5/agent_3/attempt_3/results.json
meta_5,agent_3,attempt_3,Del Castillo,"(exp(0.0054952026563)*exp(-2.12181160185*conv_3(rho,ones)-256.869229508*C))*exp(a*(79*hquad-rho^2)*C)",[0.0],44,7.237927436828613,5.490396976470947,6.364162445068359,6.115417003631592,4.9250288009643555,5.5202226638793945,5.960222663879395,True,True,44,13134,4.660114683998472,1614.01171875,meta_5/agent_3/attempt_3/results.json
